Division,Clan,Team
Div1,[Lads],[Lads] in black SV
Div1,[Lads],[Lads] Amber Nectar SV
Div1,[Lads],[LADS] The Academy SV
Div1,[Lads],[Lads] Rock & Reroll SV
Div1,[Lads],[Lads] Da Green Mile SV
Div1,[Offal],[Offal]ly Good SV
Div1,[Offal],[Offal] Delicious Murder
Div1,[Offal],[OFFAL] Just offal SV
Div1,[Offal],[Offal]ly Grandiose SV
Div1,[Offal],[OFFAL]IceBane Cuirass- SV
Div1,[NOOB],[NOOB] Very Uglies SV
Div1,[NOOB],[Noob] Grave Salt SV
Div1,[NOOB],[NOOB] Divine Comedy SV
Div1,[NOOB],[NOOB] Ravenloft SV
Div1,[NOOB],[Noob]ody Loves me SV
Div1,[O],"[O]ld, Slow and Angry"
Div1,[O],[O]fficially Dead SV
Div1,[O],[O]ne Oneders
Div1,[O],[O]ften Eating Orcs
Div1,[O],[O]tel Californias SV
Div1,[O²],[O²] Requiem SV
Div1,[O²],[O²] Truffle Shuffle SV
Div1,[O²],[O²] Rainbow Ponies SV
Div1,[O²],[O²] Ionian Resistance SV
Div1,[O²],[O²] Ozzie Battlers SV
Div1,[Rodder],[Rodder]'s Refreshments SV
Div1,[Rodder],[Rodder]'s Bloody Fist SV
Div1,[Rodder],[Rodder]'s NobelBeasts SV
Div1,[Rodder],[Rodder]'s Rainbow Rats SV
Div1,[Rodder],[Rodder]'s Retinue SV
Div1,[CLASSY],[CLASSY]Dead Gentlemen S4
Div1,[CLASSY],[CLASSY] And Pondering S4
Div1,[CLASSY],[Classy] PortlyPoundaz S4
Div1,[CLASSY],[CLASSY] Lassies S4
Div1,[CLASSY],[CLASSY] Iron Chewas S4
Div1,[Metal],[Metal] Folk S4
Div1,[Metal],[Metal] 'eads S4
Div1,[Metal],[Metal]ReBBL True Form S4
Div1,[Metal],[Metal] Blackballers S4
Div1,[Metal],[Metal]urgical Feats S4
Div1,[GeeMAN],[GeeMAN] Slash-n-Dash SV
Div1,[GeeMAN],[GeeMAN] Golden Laws SV
Div1,[GeeMAN],[GeeMAN] Snakes SV
Div1,[GeeMAN],[GeeMAN] Snake Eyes SV
Div1,[GeeMAN],[GeeMAN] Nordic Sweets SV
Div1,[Path],[PATH] Of The GM SV
Div1,[Path],[Path]finder Classes SV
Div1,[Path],[Path] of the Pharaoh SV
Div1,[Path],[PATH] Tao of Sulaco SV
Div1,[Path],[Path] of Love SV
Div2,[SweBBA],[SweBBA] L.o.A SV
Div2,[SweBBA],[SweBBA]Short fuzes SV
Div2,[SweBBA],[SweBBA] Smack Attack! SV
Div2,[SweBBA],[SweBBA] IK IKEA SV
Div2,[SweBBA],[SweBBA]Karaoke Clowns SV
Div2,[FOUL],[FOUL]ing Is Life SV
Div2,[FOUL],[FOUL] The World Tour SV
Div2,[FOUL],[FOUL] Subbed in! SV
Div2,[FOUL],[FOUL] Vindaloo SV
Div2,[FOUL],[FOUL] Feet SV
Div2,[SURF],[SURF] Engines SV
Div2,[SURF],[SURF] White Walkers SV
Div2,[SURF],[SURF] Sole Sistahs SV
Div2,[SURF],[SURF]ing The Salt SV
Div2,[SURF],[SURF] Big Umbrella SV
Div2,[RNG],[RNG] Toucan Vengeance SV
Div2,[RNG],[RNG] The Other Dwarfs SV
Div2,[RNG],[RNG] Bad Dice SV
Div2,[RNG],[RNG] Horrible Cliches SV
Div2,[RNG],[RNG] Razzle Dazzle SV
Div2,[THICC],[THICC] MusicORCS SV
Div2,[THICC],[THICC] N' Furry SV
Div2,[THICC],[THICC] Bearded Men SV
Div2,[THICC],[THICC] SV
Div2,[THICC],[THICC]Rats With Roots SV
Div2,[DAD],[DAD] Pool
Div2,[DAD],[DAD] Big Papa Pump SV
Div2,[DAD],[DAD] By Dawn SV
Div2,[DAD],[DAD] On Arrival SV
Div2,[DAD],[DAD] :hearts: F-News SV
Div2,[DASH],[DASH] of Lime SV
Div2,[DASH],[DASH] A Terrible Idea
Div2,[Dash],[Dash] of D-baggery SV
Div2,[DASH],[DASH] of Polar Bear Paw SV
Div2,[DASH],[DASH] of Bob & Weave SV
Div2,[ANZAC],[ANZAC] Reavers SV
Div2,[ANZAC],[ANZAC] Malcontents SV
Div2,[ANZAC],[ANZAC] Ogre Da Top SV
Div2,[ANZAC],[ANZAC] Gods of Olympus SV
Div2,[ANZAC],[ANZAC] Undeatopia SV
Div2,[BEST],[BEST] Periodically SV
Div2,[BEST],[BEST] Pieces of Eight SV
Div2,[BEST],[BEST] Games SV
Div2,[BEST],[BEST] Birdosaurs SV
Div2,[Best],[Best] Around! SV
Div2,[BBT],[BBT] Carnival of Pain SV
Div2,[BBT],[BBT] Punchin Yo Face SV
Div2,[BBT],[BBT] Suicide Squad SV
Div2,[BBT],[BBT] Namby-Pambies SV
Div2,[BBT],[BBT] Karak Ninjutsu SV
Div3,[GROON],[GROON] DirtyWaterBoys SV
Div3,[GROON],[GROON] Dirty Jerz SV
Div3,[GROON],[GROON] DC Gourmands SV
Div3,[GROON],[GROON] Baltimorons SV
Div3,[GROON],[GROON]NineZeroSeven SV
Div3,[H2O],[H2O] Breadtonnia SV
Div3,[H2O],[H2O] Omens Of Doom SV
Div3,[H2O],[H2O] Team Has No Name SV
Div3,[H2O],[H2O] Dwarven Galaxy SV
Div3,[H2O],[H2O] Bone Collectors SV
Div3,[GODS],[GODS] of Justice SV
Div3,[GODS],[GODS] of the Forge SV
Div3,[GODS],[GODS] of the Hunt SV
Div3,[GODS],[GODS] of the Reptiles
Div3,[GODS],[GODS] of the Sea SV
Div3,[FOUL²],[FOUL²]ReBBL OffBrand SV
Div3,[Foul²],[Foul²]ing to catch SV
Div3,[FOUL²],[FOUL²] Catacomb Kids SV
Div3,[FOUL²],[FOUL²]ing for Lady SV
Div3,[FOUL²],[FOUL²] Blood SV
Div3,[SUCC],[SUCC]y Things SV
Div3,[SUCC],[SUCC]ulent ReBBL Meme SV
Div3,[Succ],[Succ]S 2 B U SV
Div3,[SUCC],[SUCC]er Punch - SV
Div3,[Succ],[Succ]ing Your Soul - SV
Div3,[NWO],[NWO] Illimunati SV
Div3,[NWO],[NWO] Blodge Plz! SV
Div3,[NWO],[NWO] Noob's Power SV
Div3,[NWO],[NWO] UnholyKnights SV
Div3,[NWO],[NWO] Stay Paws-itive SV
Div3,[LOWTR],[LOWTR] Fellowship SV
Div3,[LOWTR],[LOWTR] Beaucoup Fish SV
Div3,[LOWTR],[LOWTR] McDuck Manor SV
Div3,[LOWTR],[LOWTR] The Klatchians SV
Div3,[LOWTR],[LOWTR] Slumdog Royals SV
Div3,[HrsY],[HrsY] The Heretics SV
Div3,[HrsY],[HrsY] The Blasphemers SV
Div3,[HrsY],[HrsY] Yabby's Cathars SV
Div3,[HrsY],[HrsY] Children of the gods SV
Div3,[Hrsy],[Hrsy]PapyrusBeatsRock SV
Div3,[FatKids],[FatKids] Literally SV
Div3,[FatKids],[FatKids] Jammin' SV
Div3,[Fatkids],[Fatkids] Liquid Diet SV
Div3,[FatKids],[FatKids] Big Bullies SV
Div3,[FatKids],[FatKids] SushiSquad-7 SV
Div3,[AV007],[AV007] Bell Fetishers SV
Div3,[AV007],[AV007] Gold Members SV
Div3,[AV007],[AV007] Underball SV
Div3,[AV007],[AV007] Shagadelic SV
Div3,[AV007],[AV007] Woodfinger SV
Div4,[FABBL],
Div4,[FABBL],
Div4,[FABBL],
Div4,[FABBL],
Div4,[FABBL],
Div4,[BRIBE],"[BRIBE]Ass,Gas,orGrass SV"
Div4,[BRIBE],[BRIBE] Foulish Kings SV
Div4,[BRIBE],[BRIBE] Hunters SV
Div4,[BRIBE],[BRIBE] NecRomances SV
Div4,[BRIBE],[BRIBE] GregGregGreg’s SV
Div4,[NAME],[NAME] That Snake SV
Div4,[NAME],[NAME] Your Price SV
Div4,[NAME],[NAME] of the Game SV
Div4,[NAME],[NAME] Calling Hurts SV
Div4,[NAME],[NAME]sCanBeDeceiving SV
Div4,[GD0zz],[GD0zz] Gaming Dads Utd SV
Div4,[GD0zz],[GD0zz] Daddy Duties SV
Div4,[GD0zz],[GD0zz]Bone BreakerzSV
Div4,[GD0zz],[GD0zz]The PUNgents SV
Div4,[GD0zz],[GD0zz] Bad Dad JokesSV
Div4,[ROLL],[ROLL]Out the Corpses SVI
Div4,[ROLL],[ROLL] With It SVI
Div4,[ROLL],[ROLL] Stinkfist SV
Div4,[ROLL],[ROLL] 6 don't [ROLL]1 SV
Div4,[ROLL],[ROLL]With the ChainsawSV
Div4,[GD0$],
Div4,[GD0$],
Div4,[GD0$],
Div4,[GD0$],
Div4,[GD0$],
Div4,[ACe],[ACe] Highlanders SV
Div4,[ACe],[ACe]SciLab's Drain SV
Div4,[ACe],[ACe] Big Enough SV
Div4,[ACe],[ACe] The Runaways SV
Div4,[ACe],[ACe] Bawaba SV
Div4,[KLAANI],[KLAANI] Wild Tunes SV
Div4,[KLAANI],[KLAANI] Wild Tails SV
Div4,[KLAANI],[KLAANI] Wild Russian SV
Div4,[KLAANI],[KLAANI] Val SV
Div4,[KLAANI],[KLAANI] Mals SV
Div4,[YAR],[YAR]Stolen's Treasure SV
Div4,[YAR],[YAR] Older then Time SV
Div4,[YAR],[YAR] Slayer Pirates SV
Div4,[YAR],[YAR] Salty Seadogs SV
Div4,[YAR],[YAR] Yaqs Friends SV
Div4,[HUGE],[Huge] Hommes Forts SV
Div4,[HUGE],[HUGE] Boys Next Dorf SV
Div4,[HUGE],[HUGE] Manatees SV
Div4,[HUGE],[HUGE] Valpo Bones SV
Div4,[HUGE],[HUGE] Rapstars SV